{"_runtime":339,"entropy":0.32815930247306824,"episode":2999,"actor_loss":0.5588546991348267,"_wandb":{"runtime":339},"critic_loss":0.3812738060951233,"_step":2999,"actor_loss_neg":-0.5588546991348267,"_timestamp":1.7697794671570866e+09}