{"_wandb":{"runtime":571},"actor_loss_neg":-0.062162794172763824,"entropy":0.1099640280008316,"actor_loss":0.062162794172763824,"critic_loss":2.0493037700653076,"episode":4999,"_step":4999,"_runtime":571,"_timestamp":1.7697762232182686e+09}