{"episode":2299,"_runtime":290,"entropy":0.3865939974784851,"actor_loss_neg":-0.29263922572135925,"critic_loss":1.8800076246261597,"_timestamp":1.769840930097974e+09,"actor_loss":0.29263922572135925,"_wandb":{"runtime":290},"_step":2299}