{"_runtime":325,"entropy":0.44364145398139954,"_wandb":{"runtime":325},"critic_loss":13.98857307434082,"_step":2999,"episode":2999,"actor_loss":0.08575638383626938,"actor_loss_neg":-0.08575638383626938,"_timestamp":1.7697541568621442e+09}