{"critic_loss":10.496940612792969,"actor_loss_neg":-0.046188563108444214,"_runtime":372,"actor_loss":0.046188563108444214,"entropy":0.497755229473114,"_step":2999,"_wandb":{"runtime":372},"episode":2999,"_timestamp":1.7697666602745485e+09}