{"_timestamp":1.7697637606518433e+09,"episode":2999,"actor_loss":0.10976836830377579,"_runtime":450,"critic_loss":14.935676574707031,"_step":2999,"entropy":0.20703811943531036,"_wandb":{"runtime":450},"actor_loss_neg":-0.10976836830377579}