{"critic_loss":1.5354374647140503,"episode":2999,"entropy":1.2860844135284424,"_step":2999,"_wandb":{"runtime":351},"_runtime":351,"actor_loss":-0.029640700668096542,"actor_loss_neg":0.029640700668096542,"_timestamp":1.7697919353266644e+09}