{"_runtime":341,"critic_loss":1.8426353931427002,"_step":2999,"episode":2999,"actor_loss_neg":-2.2770469513488933e-05,"_wandb":{"runtime":341},"_timestamp":1.7698414607903087e+09,"entropy":9.665110701462254e-05,"actor_loss":2.2770469513488933e-05}