{"_step":2999,"episode":2999,"_runtime":323,"actor_loss":0.0785316675901413,"critic_loss":11.843954086303711,"_timestamp":1.7697584054595504e+09,"_wandb":{"runtime":323},"actor_loss_neg":-0.0785316675901413,"entropy":0.2846578359603882}