{"actor_loss_neg":0.0535796582698822,"_runtime":307,"_wandb":{"runtime":307},"episode":2999,"_step":2999,"actor_loss":-0.0535796582698822,"critic_loss":7.737128257751465,"_timestamp":1.7697619268817801e+09,"entropy":0.8378886580467224}