{"_step":2999,"_timestamp":1.7697835291196487e+09,"episode":2999,"entropy":0.022560087963938713,"actor_loss_neg":-0.014110341668128967,"critic_loss":0.9921005368232727,"actor_loss":0.014110341668128967,"_wandb":{"runtime":341},"_runtime":341}