{"_runtime":376,"actor_loss":-0.1469394564628601,"critic_loss":11.532273292541504,"entropy":0.40027835965156555,"_wandb":{"runtime":376},"actor_loss_neg":0.1469394564628601,"_step":2999,"episode":2999,"_timestamp":1.769848681367318e+09}