{"actor_loss":3.751213550567627,"critic_loss":0.5566503405570984,"_step":2999,"actor_loss_neg":-3.751213550567627,"entropy":0.15468209981918335,"_timestamp":1.769780846080816e+09,"episode":2999,"_wandb":{"runtime":348},"_runtime":348}