{"episode":2999,"critic_loss":21.515321731567383,"_runtime":381,"_step":2999,"actor_loss":0.9533191323280334,"_wandb":{"runtime":381},"actor_loss_neg":-0.9533191323280334,"_timestamp":1.7697779453087964e+09,"entropy":1.7025988101959229}