{"_timestamp":1.7697507163554862e+09,"_step":2999,"actor_loss":0.002142644952982664,"actor_loss_neg":-0.002142644952982664,"_runtime":299,"entropy":0.14442911744117737,"episode":2999,"critic_loss":10.61260986328125,"_wandb":{"runtime":299}}