{"critic_loss":13.228252410888672,"entropy":0.29689306020736694,"actor_loss":0.07397869974374771,"_step":5999,"episode":5999,"actor_loss_neg":-0.07397869974374771,"_runtime":711,"_timestamp":1.7697561195881453e+09,"_wandb":{"runtime":711}}