{"_runtime":294,"critic_loss":2.2708067893981934,"entropy":1.989316701889038,"_wandb":{"runtime":294},"actor_loss":0.02776717208325863,"actor_loss_neg":-0.02776717208325863,"episode":2999,"_timestamp":1.7697871644112656e+09,"_step":2999}