{"actor_loss_neg":-0.173201322555542,"actor_loss":0.173201322555542,"critic_loss":1.2980185747146606,"episode":2999,"_timestamp":1.7697841945639527e+09,"_wandb":{"runtime":398},"entropy":1.8299462795257568,"_step":2999,"_runtime":398}