{"_wandb":{"runtime":313},"entropy":0.09144601970911026,"actor_loss_neg":0.04342964291572571,"_step":2999,"actor_loss":-0.04342964291572571,"_runtime":313,"_timestamp":1.7697603469800816e+09,"episode":2999,"critic_loss":10.892562866210938}