{"_runtime":421,"_wandb":{"runtime":421},"entropy":0.4488029181957245,"_step":2999,"episode":2999,"actor_loss":-0.14298899471759796,"actor_loss_neg":0.14298899471759796,"_timestamp":1.769843863266358e+09,"critic_loss":1.9295663833618164}